{
    "input_path": "C:\\Users\\ADMINI~1\\AppData\\Local\\Temp\\tmpxjuh7h71.jpg",
    "page_index": null,
    "model_settings": {
        "use_doc_preprocessor": false,
        "use_textline_orientation": true
    },
    "dt_polys": [
        [
            [
                24,
                14
            ],
            [
                351,
                14
            ],
            [
                351,
                95
            ],
            [
                24,
                95
            ]
        ],
        [
            [
                358,
                12
            ],
            [
                2339,
                11
            ],
            [
                2339,
                99
            ],
            [
                359,
                100
            ]
        ],
        [
            [
                27,
                223
            ],
            [
                999,
                222
            ],
            [
                999,
                307
            ],
            [
                27,
                308
            ]
        ],
        [
            [
                1001,
                216
            ],
            [
                2812,
                213
            ],
            [
                2812,
                312
            ],
            [
                1001,
                315
            ]
        ]
    ],
    "text_det_params": {
        "limit_side_len": 64,
        "limit_type": "min",
        "thresh": 0.3,
        "max_side_limit": 4000,
        "box_thresh": 0.6,
        "unclip_ratio": 1.5
    },
    "text_type": "general",
    "textline_orientation_angles": [
        0,
        0,
        0,
        0
    ],
    "text_rec_score_thresh": 0.0,
    "return_word_box": true,
    "rec_texts": [
        "2.把一条",
        "10厘米长的线段向两端各延长1米，得到的是一条直线。",
        "3.一个标准篮球场的面积是",
        "420平方米，25个这样的篮球场的面积约为1公顷。"
    ],
    "rec_scores": [
        0.9997490048408508,
        0.998627781867981,
        0.9786826372146606,
        0.9967890381813049
    ],
    "rec_polys": [
        [
            [
                24,
                14
            ],
            [
                351,
                14
            ],
            [
                351,
                95
            ],
            [
                24,
                95
            ]
        ],
        [
            [
                358,
                12
            ],
            [
                2339,
                11
            ],
            [
                2339,
                99
            ],
            [
                359,
                100
            ]
        ],
        [
            [
                27,
                223
            ],
            [
                999,
                222
            ],
            [
                999,
                307
            ],
            [
                27,
                308
            ]
        ],
        [
            [
                1001,
                216
            ],
            [
                2812,
                213
            ],
            [
                2812,
                312
            ],
            [
                1001,
                315
            ]
        ]
    ],
    "rec_boxes": [
        [
            24,
            14,
            351,
            95
        ],
        [
            358,
            11,
            2339,
            100
        ],
        [
            27,
            222,
            999,
            308
        ],
        [
            1001,
            213,
            2812,
            315
        ]
    ],
    "text_word_boxes": [
        [
            [
                51,
                14,
                64,
                95
            ],
            [
                78,
                14,
                91,
                95
            ],
            [
                108,
                14,
                196,
                95
            ],
            [
                189,
                14,
                277,
                95
            ],
            [
                270,
                14,
                351,
                95
            ]
        ],
        [
            [
                387,
                12,
                446,
                99
            ],
            [
                471,
                12,
                552,
                99
            ],
            [
                559,
                12,
                640,
                99
            ],
            [
                632,
                12,
                714,
                99
            ],
            [
                706,
                12,
                787,
                99
            ],
            [
                794,
                12,
                875,
                99
            ],
            [
                867,
                12,
                949,
                99
            ],
            [
                955,
                12,
                1037,
                99
            ],
            [
                1028,
                12,
                1110,
                99
            ],
            [
                1102,
                12,
                1183,
                99
            ],
            [
                1190,
                12,
                1271,
                99
            ],
            [
                1278,
                12,
                1359,
                99
            ],
            [
                1351,
                12,
                1433,
                99
            ],
            [
                1473,
                12,
                1487,
                99
            ],
            [
                1513,
                12,
                1594,
                99
            ],
            [
                1605,
                12,
                1619,
                99
            ],
            [
                1674,
                12,
                1756,
                99
            ],
            [
                1747,
                12,
                1829,
                99
            ],
            [
                1835,
                12,
                1917,
                99
            ],
            [
                1909,
                12,
                1990,
                99
            ],
            [
                1997,
                12,
                2078,
                99
            ],
            [
                2070,
                12,
                2152,
                99
            ],
            [
                2144,
                12,
                2225,
                99
            ],
            [
                2232,
                12,
                2313,
                99
            ],
            [
                2324,
                12,
                2339,
                99
            ]
        ],
        [
            [
                55,
                223,
                69,
                307
            ],
            [
                97,
                223,
                111,
                307
            ],
            [
                119,
                223,
                200,
                307
            ],
            [
                203,
                223,
                284,
                307
            ],
            [
                273,
                223,
                354,
                307
            ],
            [
                357,
                223,
                438,
                307
            ],
            [
                441,
                223,
                522,
                307
            ],
            [
                525,
                223,
                606,
                307
            ],
